Date,Open,High,Low,Close,Adj Close,Volume,Change Percent,Temp Change Percent,Temp std derivation,Low Bound, High Bound,Fat change,Basic changes, Bottom,Top, Fat Position Change, Basic Position Change, Basic Change Price, Position, Offset, Cash,trading profit,Balance, fat_position, fat_cash, fat_balance, orig_position, orig_trade_profit, orig_cash, orig_balance
03/26/2018,9.8,11.8,9.62,11,11,2.97935e+07,0,0,0.02,-0.021, 0.02,0,0, -9.25596e+61,14.3, 0, 0, 11, 301.511, 0, -3316.62,0,0, 0, 0, 0, 301.511, 0, -3316.62, 0
04/02/2018,11.05,11.5,10.55,10.94,10.94,8.3568e+06,-0.00545455,-0.00545455,0.02,-0.02, 0.02,0,-0.00545455, 8.23837,14.3, 0, 0.825683, 10.97, 302.337, 0, -3325.35,-24.9554,-24.9554, 0, -39.7977, -14.8423, 267.834, -14.8423, -2944.99, -14.8877
04/09/2018,11,11.76,10.96,11.4,11.4,9.2234e+06,0.0420475,0.0420475,0.02,-0.02, 0.02,0.0216152,0.02, 8.23837,14.3, 0, -6.16259, 11.0489, 296.174, 0, -3256.93,21.6152,-3.34021, 0, -18.1825, -14.8423, 226.646, 0, -2482.79, 100.979
04/16/2018,11.41,11.5,11.06,11.19,11.19,2.8382e+06,-0.0184211,-0.0184211,0.033589,-0.033589, 0.033589,0,-0.0184211, 6.08321,14.3, 0, 2.7662, 11.2945, 298.941, 0, -3287.22,0,-3.34021, 0, -18.1825, -14.8423, 245.239, 0, -2686.41, 57.8111
04/23/2018,11.29,11.52,10.61,10.61,10.61,4.4594e+06,-0.051832,-0.051832,0.0318356,-0.0318356, 0.0318356,-0.0206539,-0.0318356, 6.31026,14.3, 0, 8.06214, 11.0104, 307.003, 0, -3375.15,0,-3.34021, 0, 2.47143, 5.81164, 298.463, 20.6539, -3260.82, -94.1353
04/30/2018,10.7,11.08,9.86,9.99,9.99,4.0291e+06,-0.0584354,-0.0584354,0.0389032,-0.0389032, 0.0389032,-0.0203228,-0.0389032, 5.46525,14.3, 0, 9.38322, 10.4016, 316.386, 0, -3471.53,-93.6937,-97.0339, 0, -70.8995, 26.1345, 358.675, 20.3228, -3872.94, -289.776
05/07/2018,10.01,12.19,9.86,11.46,11.46,7.4606e+06,0.147147,0.11671,0.0404414,-0.0404414, 0.0404414,0.102558,0.0404414, 5.30392,14.3, 0, -20.9879, 10.19, 295.398, 0, -3256.36,102.558,5.52426, 0, 31.6587, 26.1345, 221.397, 0, -2395.34, 141.865
05/14/2018,11.55,14.87,11.5,12.84,12.84,1.34687e+07,0.120419,0.120419,0.0659675,-0.0659675, 0.0659675,0.0510817,0.0659675, 3.41205,14.3, 0, -16.3253, 11.832, 279.073, 0, -3059.46,51.0817,56.6059, 0, 82.7404, 26.1345, 107.694, 0, -989.692, 393.102
05/21/2018,12.94,15.49,12.3,14.24,14.24,3.22955e+07,0.109034,0.109034,0.0745601,-0.0745601, 0.0745601,0.0320821,0.0745601, 2.99908,14.3, 0, -14.0733, 13.3101, 264.999, 0, -2867.07,32.0821,88.688, 0, 114.822, 26.1345, 4.20463, 0, 447.269, 507.143
05/28/2018,14.3,17.71,14.22,16.91,16.91,2.52146e+07,0.1875,0.1875,0.0757627,-0.0757627, 0.0757627,0.103868,0.0757627, 2.94732,14.3, 0, -21.8193, 14.7696, 243.18, 0, -2539.29,103.868,192.556, 0, 218.69, 26.1345, -167.646, 0, 3158.52, 323.634
06/04/2018,17.4,19.35,15.6,18.95,18.95,2.50983e+07,0.120639,0.120639,0.0878495,-0.0878495, 0.0878495,0.0301413,0.0878495, 2.49392,14.3, 0, -13.462, 17.6371, 229.718, 0, -2293.76,30.1413,222.697, 0, 248.832, 26.1345, -281.544, 0, 5266.5, -68.7712
06/11/2018,19.01,22.7,17.36,19.65,19.65,6.30835e+07,0.0369393,0.0369393,0.0858623,-0.0858623, 0.0858623,0,0.0369393, 2.56095,14.3, 0, -4.12877, 19.2968, 225.589, 0, -2205.99,-45.0546,177.643, 0, 203.777, 26.1345, -317.818, 0, 6037.59, -207.531
06/18/2018,19.35,21.66,15.38,16.65,16.65,5.10317e+07,-0.152672,-0.152672,0.0816634,-0.0816634, 0.0816634,-0.0773228,-0.0816634, 2.71178,14.3, 0, 19.4821, 18.8306, 245.072, 0, -2565.62,-216.643,-39.0005, 0, 64.4568, 103.457, -152.151, 77.3228, 3101.33, 568.021
06/25/2018,15.67,16.53,13.31,13.99,13.99,3.8751e+07,-0.15976,-0.15976,0.0981744,-0.0981744, 0.0981744,-0.0682897,-0.0981744, 2.18462,14.3, 0, 22.2852, 15.8116, 267.357, 0, -2908.4,0,-39.0005, 0, 132.746, 171.747, 21.9167, 68.2897, 518.235, 824.85
07/02/2018,13.24,14.1,12.5,13.3,13.3,2.35369e+07,-0.0493209,-0.0493209,0.108717,-0.108717, 0.108717,0,-0.0493209, 1.9246,14.3, 0, 6.84751, 13.6406, 274.204, 0, -2990.89,0,-39.0005, 0, 132.746, 171.747, 72.4955, 0, -91.0804, 873.11
07/09/2018,13.66,14.69,12.76,13.8,13.8,4.47928e+07,0.037594,0.037594,0.106179,-0.106179, 0.106179,0,0.037594, 1.98277,14.3, 0, -5.0133, 13.5477, 269.191, 0, -2912.6,0,-39.0005, 0, 132.746, 171.747, 35.5909, 0, 485.26, 976.415
07/16/2018,13.72,15.08,13.1,14.41,14.41,4.28334e+07,0.0442029,0.0442029,0.102455,-0.102455, 0.102455,0,0.0442029, 2.07302,14.3, 0, -5.75927, 14.1017, 263.432, 0, -2821.53,0,-39.0005, 0, 132.746, 171.747, -7.66287, 0, 1169.23, 1058.8
07/23/2018,14.41,14.77,12,12.13,12.13,3.39298e+07,-0.158223,-0.158223,0.0991924,-0.0991924, 0.0991924,-0.0655312,-0.0991924, 2.15728,14.3, 0, 23.6924, 13.6767, 287.124, 0, -3136.46,0,-39.0005, 0, 198.278, 237.278, 164.578, 65.5312, -1042.92, 953.412
07/30/2018,11.3,12.25,10.7,11.06,11.06,2.31018e+07,-0.088211,-0.088211,0.105317,-0.105317, 0.105317,0,-0.088211, 2.00314,14.3, 0, 13.5683, 11.5827, 300.692, 0, -3284.18,0,-39.0005, 0, 179.159, 218.159, 256.925, -19.1191, -2048.3, 793.284
08/06/2018,11.12,11.74,11.02,11.14,11.14,1.25498e+07,0.00723327,0.00723327,0.104734,-0.104734, 0.104734,0,0.00723327, 2.01708,14.3, 0, -1.08163, 11.0999, 299.611, 0, -3263.04,0,-39.0005, 0, 179.159, 218.159, 249.717, 0, -1907.42, 874.427
08/13/2018,11.19,11.27,9.09,10.7,10.7,2.69816e+07,-0.0394973,-0.0394973,0.101786,-0.101786, 0.101786,0,-0.0394973, 2.08991,14.3, 0, 6.09816, 10.9178, 305.709, 0, -3321.06,0,-39.0005, 0, 109.812, 148.812, 290.016, -69.347, -2290.84, 812.331
08/20/2018,11.25,12.43,10.41,10.91,10.91,2.38969e+07,0.0196262,0.0196262,0.0995519,-0.0995519, 0.0995519,0,0.0196262, 2.14775,14.3, 0, -2.9565, 10.8045, 302.752, 0, -3280.97,-72.6894,-111.69, 0, 37.1223, 148.812, 270.58, 0, -2027.3, 924.723
08/27/2018,11.45,14.23,10.96,12.83,12.83,5.09286e+07,0.175985,0.175985,0.0971072,-0.0971072, 0.0971072,0.0718965,0.0971072, 2.21384,14.3, 0, -23.5709, 11.4274, 279.182, 0, -3003.65,71.8965,-39.7934, 0, 109.019, 148.812, 108.473, 0, -53.6197, 1338.09
09/03/2018,12.75,12.86,11,11.71,11.71,1.44686e+07,-0.0872954,-0.0872954,0.101701,-0.101701, 0.101701,0,-0.0872954, 2.09206,14.3, 0, 13.0463, 12.2572, 292.228, 0, -3154.51,0,-39.7934, 0, 92.9822, 132.776, 199.816, -16.0366, -1109.84, 1230.01
09/10/2018,11.73,14.12,11.11,13.52,13.52,2.5786e+07,0.154569,0.154569,0.101443,-0.101443, 0.101443,0.0482325,0.101443, 2.09862,14.3, 0, -20.2637, 12.2896, 271.964, 0, -2896.46,48.2325,8.43915, 0, 141.215, 132.776, 56.0895, 0, 763.343, 1521.67
09/17/2018,13.29,14.07,12.36,12.43,12.43,1.73222e+07,-0.0806213,-0.0806213,0.103717,-0.103717, 0.103717,0,-0.0806213, 2.04177,14.3, 0, 11.6739, 12.9635, 283.638, 0, -3038.11,0,8.43915, 0, 141.215, 132.776, 140.147, 0, -256.61, 1485.41
09/24/2018,11.7,13.69,11.28,13.48,13.48,2.06019e+07,0.084473,0.084473,0.103232,-0.103232, 0.103232,0,0.084473, 2.05369,14.3, 0, -11.2707, 12.9444, 272.367, 0, -2882.63,0,8.43915, 0, 141.215, 132.776, 59.0524, 0, 862.076, 1658.1
10/01/2018,13.7,15.5,12.84,13.35,13.35,3.68358e+07,-0.00964392,-0.00964392,0.102226,-0.102226, 0.102226,0,-0.00964392, 2.07878,14.3, 0, 1.32292, 13.4148, 273.69, 0, -2890.81,-101.495,-93.0557, 0, 39.7198, 132.776, 68.7432, 0, 802.17, 1719.89
10/08/2018,12.72,13.85,12.02,13.71,13.71,1.71757e+07,0.0269663,0.0269663,0.100326,-0.100326, 0.100326,0,0.0269663, 2.12743,14.3, 0, -3.61721, 13.5288, 270.073, 0, -2832.62,0,-93.0557, 0, 39.7198, 132.776, 42.134, 0, 1230.25, 1807.9
10/15/2018,13.28,14.29,12.37,12.49,12.49,1.44215e+07,-0.0889861,-0.0889861,0.098497,-0.098497, 0.098497,0,-0.0889861, 2.1759,14.3, 0, 12.8829, 13.0858, 282.956, 0, -2992.42,0,-93.0557, 0, 39.7198, 132.776, 135.331, 0, 74.1642, 1764.45
10/22/2018,13,13.26,11.87,13.17,13.17,1.42607e+07,0.0544436,0.0544436,0.0985088,-0.0985088, 0.0985088,0,0.0544436, 2.17558,14.3, 0, -7.40167, 12.8255, 275.554, 0, -2888.81,0,-93.0557, 0, 39.7198, 132.776, 82.318, 0, 816.314, 1900.44
10/29/2018,13.45,15.18,12.258,14.43,14.43,3.12808e+07,0.095672,0.095672,0.0971642,-0.0971642, 0.0971642,0,0.095672, 2.21226,14.3, 0, -12.3052, 13.7856, 263.249, 0, -2710.41,-1.3601,-94.4158, 0, 38.3597, 132.776, -9.04984, 0, 2140.95, 2010.36
11/05/2018,14.4,15.48,13.32,13.4,13.4,1.30363e+07,-0.0713791,-0.0713791,0.0983683,-0.0983683, 0.0983683,0,-0.0713791, 2.17937,14.3, 0, 9.93012, 13.9055, 273.179, 0, -2839.47,0,-94.4158, 0, 38.3597, 132.776, 65.0048, 0, 1178.46, 2049.53
11/12/2018,13.51,14.94,12.78,14.5,14.5,1.43751e+07,0.0820896,0.0820896,0.0993893,-0.0993893, 0.0993893,0,0.0820896, 2.15205,14.3, 0, -10.5663, 13.9392, 262.613, 0, -2682.97,-15.7358,-110.152, 0, 22.6239, 132.776, -13.8891, 0, 2347.02, 2145.63
11/19/2018,14.4,16.13,12.85,14.98,14.98,3.31459e+07,0.0331034,0.0331034,0.100116,-0.100116, 0.100116,0,0.0331034, 2.13293,14.3, 0, -4.24167, 14.738, 258.371, 0, -2610.83,-60.9137,-171.065, 0, -186.33, -15.2646, -46.4564, -148.04, 2900.86, 2204.95
11/26/2018,15.15,16.17,14.5,15.61,15.61,2.36955e+07,0.0420561,0.0420561,0.099429,-0.099429, 0.099429,0,0.0420561, 2.151,14.3, 0, -5.26746, 15.2918, 253.104, 0, -2520.62,0,-171.065, 0, -186.33, -15.2646, -87.6522, 0, 3606.41, 2238.16
12/03/2018,16.29,16.74,13.9,14.69,14.69,1.87107e+07,-0.0589366,-0.0589366,0.0985433,-0.0985433, 0.0985433,0,-0.0589366, 2.17465,14.3, 0, 7.80529, 15.143, 260.909, 0, -2629.37,0,-171.065, 0, -230.266, -59.2009, -26.9075, -43.9363, 2760.07, 2364.8
12/10/2018,14.59,15.64,14.3,15.22,15.22,1.53534e+07,0.036079,0.036079,0.0977394,-0.0977394, 0.0977394,0,0.036079, 2.19646,14.3, 0, -4.58302, 14.9527, 256.326, 0, -2551.6,0,-171.065, 0, -230.266, -59.2009, -62.3508, 0, 3361.47, 2412.49
12/17/2018,14.93,15.5,13.16,13.3,13.3,3.07895e+07,-0.12615,-0.12615,0.0957335,-0.0957335, 0.0957335,-0.0336365,-0.0957335, 2.25232,14.3, 0, 17.8782, 14.4731, 274.204, 0, -2801.64,0,-171.065, 0, -196.63, -25.5644, 72.4955, 33.6365, 1508.12, 2472.31
12/24/2018,13.04,14.42,12.66,14.37,14.37,1.309e+07,0.0804511,0.0804511,0.0969758,-0.0969758, 0.0969758,0,0.0804511, 2.21748,14.3, 0, -10.4062, 13.8247, 263.798, 0, -2649.04,0,-171.065, 0, -196.63, -25.5644, -4.88316, 0, 2642.86, 2572.69
12/31/2018,14.57,15,12.85,13.7,13.7,1.28272e+07,-0.0466249,-0.0466249,0.0917544,-0.0917544, 0.0917544,0,-0.0466249, 2.36964,14.3, 0, 6.37354, 14.031, 270.172, 0, -2730.58,0,-171.065, 0, -246.318, -75.2531, 42.8637, -49.6887, 2031.98, 2619.22
01/07/2019,13.94,16.6,13.74,15.36,15.36,2.51311e+07,0.121168,0.121168,0.0891347,-0.0891347, 0.0891347,0.0294116,0.0891347, 2.45196,14.3, 0, -15.0164, 14.2975, 255.155, 0, -2508.37,29.4116,-141.654, 0, -216.907, -75.2531, -71.5072, 0, 3748.71, 2650.35
01/14/2019,15.2,17.09,14.71,16.71,16.71,1.73775e+07,0.0878906,0.0878906,0.0918472,-0.0918472, 0.0918472,0,0.0878906, 2.3668,14.3, 0, -10.524, 16.0208, 244.631, 0, -2331.33,-3.62382,-145.278, 0, -220.531, -75.2531, -155.748, 0, 5165.88, 2563.34
01/21/2019,16.16,17.5,15.75,17.44,17.44,1.57163e+07,0.0436865,0.0436865,0.0888778,-0.0888778, 0.0888778,0,0.0436865, 2.46026,14.3, 0, -5.1746, 17.0711, 239.457, 0, -2234.83,0,-145.278, 0, -220.531, -75.2531, -198.507, 0, 5963.25, 2501.29
01/28/2019,17.14,18.61,16.8,17.83,17.83,2.1431e+07,0.0223623,0.0223623,0.0835569,-0.0835569, 0.0835569,0,0.0223623, 2.64215,14.3, 0, -2.63332, 17.6339, 236.823, 0, -2181.07,0,-145.278, 0, -220.531, -75.2531, -220.623, 0, 6414.8, 2481.09
02/04/2019,17.89,18.48,16.43,17.46,17.46,1.30947e+07,-0.0207516,-0.0207516,0.0828015,-0.0828015, 0.0828015,0,-0.0207516, 2.6696,14.3, 0, 2.49615, 17.644, 239.319, 0, -2217.91,0,-145.278, 0, -220.531, -75.2531, -199.653, 0, 6105.29, 2619.35
02/11/2019,17.825,19.2,17.15,17.74,17.74,2.22089e+07,0.0160367,0.0160367,0.0828924,-0.0828924, 0.0828924,0,0.0160367, 2.66628,14.3, 0, -1.89617, 17.5994, 237.423, 0, -2177.33,-61.7381,-207.016, 0, -282.269, -75.2531, -215.562, 0, 6445.75, 2621.67
02/18/2019,17.81,19.55,17.77,19.48,19.48,1.92058e+07,0.0980834,0.0980834,0.0826648,-0.0826648, 0.0826648,0.0142414,0.0826648, 2.67462,14.3, 0, -10.8516, 18.4587, 226.572, 0, -1969.69,14.2414,-192.774, 0, -268.027, -75.2531, -309.129, 0, 8248.63, 2226.81
02/25/2019,20.5,21.5,17.92,17.98,17.98,4.64484e+07,-0.0770021,-0.0770021,0.0777509,-0.0777509, 0.0777509,0,-0.0770021, 2.86464,14.3, 0, 9.26169, 18.715, 235.833, 0, -2136.48,-143.589,-336.363, 0, -412.428, -76.0651, -229, -0.812012, 6805.6, 2688.17
03/04/2019,17.63,19.32,17.15,17.94,17.94,2.66088e+07,-0.00222464,-0.00222464,0.0772443,-0.0772443, 0.0772443,0,-0.00222464, 2.88537,14.3, 0, 0.26276, 17.96, 236.096, 0, -2134.88,0,-336.363, 0, -412.428, -76.0651, -226.773, 0, 6819.18, 2750.87
03/11/2019,18.12,19.26,17.97,18.71,18.71,1.55878e+07,0.0429207,0.0429207,0.0773139,-0.0773139, 0.0773139,0,0.0429207, 2.88251,14.3, 0, -4.90923, 18.321, 231.187, 0, -2038.54,0,-336.363, 0, -412.428, -76.0651, -268.799, 0, 7643.88, 2614.66
03/18/2019,18.91,19,17.2,17.21,17.21,1.9962e+07,-0.080171,-0.080171,0.0766303,-0.0766303, 0.0766303,-0.00383463,-0.0766303, 2.91081,14.3, 0, 9.86451, 17.9788, 241.051, 0, -2209.67,0,-336.363, 0, -408.594, -72.2305, -185.231, 3.83463, 6197.01, 3009.18
03/25/2019,17.11,18.97,17.05,18.95,18.95,2.00841e+07,0.101104,0.101104,0.0788529,-0.0788529, 0.0788529,0.0206249,0.0788529, 2.8203,14.3, 0, -11.3332, 17.8757, 229.718, 0, -2000.51,20.6249,-315.738, 0, -387.969, -72.2305, -281.544, 0, 7992.48, 2657.21
04/01/2019,19.24,19.3,16.921,18.02,18.02,5.62651e+07,-0.0490766,-0.0490766,0.0747678,-0.0747678, 0.0747678,0,-0.0490766, 2.99004,14.3, 0, 5.85324, 18.4792, 235.571, 0, -2102.66,0,-315.738, 0, -415.736, -99.9979, -231.223, -27.7674, 7114.23, 2947.59
04/08/2019,17.94,18.52,17.38,18.32,18.32,2.14998e+07,0.0166482,0.0166482,0.0732614,-0.0732614, 0.0732614,0,0.0166482, 3.05652,14.3, 0, -1.93677, 18.1694, 233.635, 0, -2061.75,0,-315.738, 0, -415.736, -99.9979, -247.734, 0, 7462.98, 2924.5
04/15/2019,18.08,18.15,16.71,17.45,17.45,2.20972e+07,-0.047489,-0.047489,0.0685076,-0.0685076, 0.0685076,0,-0.047489, 3.2815,14.3, 0, 5.75329, 17.8797, 239.388, 0, -2159.66,0,-315.738, 0, -438.3, -122.562, -199.08, -22.5644, 6635.03, 3161.08
04/22/2019,17,17.99,17,17.78,17.78,1.45656e+07,0.0189112,0.0189112,0.0672101,-0.0672101, 0.0672101,0,0.0189112, 3.34723,14.3, 0, -2.23195, 17.6142, 237.156, 0, -2115.61,0,-315.738, 0, -438.3, -122.562, -217.815, 0, 7004.81, 3132.06
04/29/2019,17.72,18.31,17.413,18.19,18.19,1.45149e+07,0.0230596,0.0230596,0.0658775,-0.0658775, 0.0658775,0,0.0230596, 3.41681,14.3, 0, -2.68796, 17.9838, 234.468, 0, -2062.66,0,-315.738, 0, -438.3, -122.562, -240.613, 0, 7453.82, 3077.08
05/06/2019,17.35,17.6,16.19,17.1,17.1,2.15309e+07,-0.0599231,-0.0599231,0.0657882,-0.0657882, 0.0657882,0,-0.0599231, 3.42155,14.3, 0, 7.35738, 17.6366, 241.825, 0, -2187.88,0,-315.738, 0, -444.579, -128.84, -178.819, -6.27818, 6402.16, 3344.36
05/13/2019,16.51,16.7,14.82,15.35,15.35,3.38207e+07,-0.102339,-0.102339,0.0670287,-0.0670287, 0.0670287,-0.0378473,-0.0670287, 3.35658,14.3, 0, 13.4129, 16.517, 255.238, 0, -2404.85,0,-315.738, 0, -406.731, -90.9931, -70.8559, 37.8473, 4689.4, 3601.77
05/20/2019,15,15.1,13.83,14.05,14.05,1.95379e+07,-0.0846906,-0.0846906,0.0677462,-0.0677462, 0.0677462,-0.0181756,-0.0677462, 3.31983,14.3, 0, 11.547, 14.8209, 266.785, 0, -2571.57,0,-315.738, 0, -388.556, -72.8175, 17.6371, 18.1756, 3423.53, 3671.33
05/27/2019,14.37,14.63,13.3,13.5,13.5,1.13744e+07,-0.0391459,-0.0391459,0.0692818,-0.0692818, 0.0692818,0,-0.0391459, 3.24321,14.3, 0, 5.38026, 13.7723, 272.166, 0, -2641.22,0,-315.738, 0, -388.556, -72.8175, 57.5699, 0, 2906.62, 3683.81
06/03/2019,13.51,15.1,13.23,14.8,14.8,2.46821e+07,0.0962963,0.0962963,0.0675129,-0.0675129, 0.0675129,0.026963,0.0675129, 3.33172,14.3, 0, -12.2279, 13.9483, 259.938, 0, -2466.41,26.963,-288.775, 0, -361.593, -72.8175, -34.3676, 0, 4238.37, 3729.73
06/10/2019,14.91,15.629,14.01,14.27,14.27,1.60377e+07,-0.0358108,-0.0358108,0.0683362,-0.0683362, 0.0683362,0,-0.0358108, 3.29007,14.3, 0, 4.78315, 14.5326, 264.721, 0, -2531.47,0,-288.775, 0, -361.593, -72.8175, 2.10011, 0, 3742.34, 3772.3
06/17/2019,14.2,15.93,14.19,15.44,15.44,1.26954e+07,0.0819902,0.0819902,0.0671647,-0.0671647, 0.0671647,0.0138924,0.0671647, 3.34957,14.3, 0, -10.2275, 14.7414, 254.493, 0, -2376.37,13.8924,-274.883, 0, -347.7, -72.8175, -76.702, 0, 4945.51, 3761.23
06/24/2019,15.44,16.28,15.28,16.27,16.27,1.30218e+07,0.0537565,0.0537565,0.0685332,-0.0685332, 0.0685332,0,0.0537565, 3.28023,14.3, 0, -6.57635, 15.8496, 247.917, 0, -2267.46,0,-274.883, 0, -347.7, -72.8175, -129.063, 0, 5812.64, 3712.78
07/01/2019,16.55,16.82,16.25,16.74,16.74,9.6734e+06,0.0288875,0.0288875,0.0687943,-0.0687943, 0.0687943,0,0.0288875, 3.26724,14.3, 0, -3.50509, 16.5033, 244.412, 0, -2204.81,0,-274.883, 0, -347.7, -72.8175, -157.542, 0, 6321.68, 3684.43
07/08/2019,16.5,16.83,16.183,16.4,16.4,7.0254e+06,-0.0203106,-0.0203106,0.0679011,-0.0679011, 0.0679011,0,-0.0203106, 3.31198,14.3, 0, 2.52054, 16.5691, 246.932, 0, -2241.88,0,-274.883, 0, -347.7, -72.8175, -137.022, 0, 6019.88, 3772.72
07/15/2019,16.58,16.66,15.06,15.54,15.54,9.6654e+06,-0.052439,-0.052439,0.0678373,-0.0678373, 0.0678373,0,-0.052439, 3.31521,14.3, 0, 6.74075, 15.9642, 253.673, 0, -2344.89,0,-274.883, 0, -364.219, -89.3364, -83.1578, -16.5189, 5196.72, 3904.44
07/22/2019,15.78,16.24,15.41,15.96,15.96,1.26343e+07,0.027027,0.027027,0.0641696,-0.0641696, 0.0641696,0,0.027027, 3.50921,14.3, 0, -3.36006, 15.7486, 250.313, 0, -2287.89,0,-274.883, 0, -364.219, -89.3364, -109.826, 0, 5649.13, 3896.3
07/29/2019,16,16.15,14.21,14.72,14.72,1.20206e+07,-0.0776942,-0.0776942,0.0627925,-0.0627925, 0.0627925,-0.0159001,-0.0627925, 3.58647,14.3, 0, 10.3299, 15.4508, 260.643, 0, -2443.62,0,-274.883, 0, -348.319, -73.4362, -28.9476, 15.9001, 4439.68, 4013.57
08/05/2019,14.2,14.54,13.61,13.91,13.91,2.09386e+07,-0.0550272,-0.0550272,0.063926,-0.063926, 0.063926,0,-0.0550272, 3.52269,14.3, 0, 7.48144, 14.3093, 268.124, 0, -2546.81,0,-274.883, 0, -357.826, -82.9428, 27.6515, -9.50658, 3659.03, 4043.66
08/12/2019,13.75,14.78,13.55,14.52,14.52,1.14896e+07,0.0438533,0.0438533,0.0608438,-0.0608438, 0.0608438,0,0.0438533, 3.70023,14.3, 0, -5.69252, 14.2117, 262.432, 0, -2462.42,-16.016,-290.899, 0, -373.842, -82.9428, -15.2675, 0, 4295.29, 4073.6
08/19/2019,14.85,15.34,14.21,14.7,14.7,1.34234e+07,0.0123967,0.0123967,0.0591192,-0.0591192, 0.0591192,0,0.0123967, 3.80548,14.3, 0, -1.61168, 14.6097, 260.82, 0, -2435.54,0,-290.899, 0, -373.842, -82.9428, -27.588, 0, 4500.82, 4095.27
08/26/2019,15.12,15.15,13.36,14.05,14.05,2.31241e+07,-0.0442177,-0.0442177,0.0585407,-0.0585407, 0.0585407,0,-0.0442177, 3.8418,14.3, 0, 5.965, 14.3713, 266.785, 0, -2518.02,0,-290.899, 0, -389.055, -98.1564, 17.6371, -15.2136, 3875.5, 4123.3
09/02/2019,13.81,14.89,13.7,14.46,14.46,1.85513e+07,0.0291815,0.0291815,0.0587674,-0.0587674, 0.0587674,0,0.0291815, 3.8275,14.3, 0, -3.80942, 14.2535, 262.976, 0, -2460.46,-27.9437,-318.842, 0, -416.999, -98.1564, -11.1267, 0, 4310.1, 4149.21
09/09/2019,14.48,15.36,14.16,15.06,15.06,1.52511e+07,0.0414938,0.0414938,0.0590488,-0.0590488, 0.0590488,0,0.0414938, 3.80987,14.3, 0, -5.29181, 14.757, 257.684, 0, -2379.02,-16.5762,-335.419, 0, -433.575, -98.1564, -51.7827, 0, 4935.78, 4155.94
09/16/2019,14.9,15.48,14.83,15.26,15.26,1.04263e+07,0.0132802,0.0132802,0.0595362,-0.0595362, 0.0595362,0,0.0132802, 3.77962,14.3, 0, -1.69419, 15.1597, 255.99, 0, -2349.88,0,-335.419, 0, -433.575, -98.1564, -64.9755, 0, 5162.65, 4171.12
09/23/2019,15.24,15.33,14.05,14.33,14.33,1.3062e+07,-0.0609436,-0.0609436,0.0564696,-0.0564696, 0.0564696,-0.00474182,-0.0564696, 3.97616,14.3, 0, 8.17615, 14.8229, 264.166, 0, -2468.01,0,-335.419, 0, -428.833, -93.4146, -2.0957, 4.74182, 4256.38, 4226.35
09/30/2019,14.47,14.55,13.61,13.92,13.92,8.2897e+06,-0.0286113,-0.0286113,0.0558515,-0.0558515, 0.0558515,0,-0.0286113, 4.01762,14.3, 0, 3.86214, 14.1235, 268.028, 0, -2519.63,0,-335.419, 0, -428.833, -93.4146, 26.9329, 0, 3868.42, 4243.33
10/07/2019,13.88,14.8,13.23,14.37,14.37,1.05684e+07,0.0323276,0.0323276,0.0559972,-0.0559972, 0.0559972,0,0.0323276, 4.00779,14.3, 0, -4.23006, 14.1432, 263.798, 0, -2456.85,-22.4145,-357.833, 0, -451.248, -93.4146, -4.88316, 0, 4340.58, 4270.41
10/14/2019,14.26,14.69,14.1,14.41,14.41,7.5801e+06,0.00278358,0.00278358,0.0557049,-0.0557049, 0.0557049,0,0.00278358, 4.02756,14.3, 0, -0.366386, 14.39, 263.432, 0, -2448.64,0,-357.833, 0, -451.248, -93.4146, -7.66287, 0, 4402.9, 4292.48
10/21/2019,14.5,15.61,14.34,15.52,15.52,9.0932e+06,0.0770298,0.0770298,0.0539932,-0.0539932, 0.0539932,0.0218565,0.0539932, 4.14628,14.3, 0, -9.59514, 14.7939, 253.837, 0, -2303.88,21.8565,-335.977, 0, -429.391, -93.4146, -81.87, 0, 5534.45, 4263.83
10/28/2019,15.56,16.5,15.43,16.46,16.46,1.34679e+07,0.0605669,0.0605669,0.0525287,-0.0525287, 0.0525287,0.00763705,0.0525287, 4.25207,14.3, 0, -7.3546, 15.9224, 246.482, 0, -2184.03,7.63705,-328.34, 0, -421.754, -93.4146, -140.674, 0, 6496.36, 4180.87
11/04/2019,16.72,16.96,16.285,16.58,16.58,1.34791e+07,0.00729046,0.00729046,0.0531876,-0.0531876, 0.0531876,0,0.00729046, 4.20398,14.3, 0, -0.893601, 16.5199, 245.588, 0, -2166.39,0,-328.34, 0, -421.754, -93.4146, -147.938, 0, 6639.73, 4186.92
11/11/2019,16.35,17.005,16.2,16.71,16.71,1.13808e+07,0.00784071,0.00784071,0.053104,-0.053104, 0.053104,0,0.00784071, 4.21003,14.3, 0, -0.957169, 16.6449, 244.631, 0, -2147.58,0,-328.34, 0, -421.754, -93.4146, -155.748, 0, 6793.2, 4190.65
11/18/2019,17.01,17.085,15.18,16.59,16.59,2.40095e+07,-0.00718127,-0.00718127,0.0524243,-0.0524243, 0.0524243,0,-0.00718127, 4.25976,14.3, 0, 0.883141, 16.6499, 245.514, 0, -2159.48,0,-328.34, 0, -469.5, -141.161, -148.541, -47.7461, 6696.08, 4231.79
11/25/2019,16.5,17.3,16.36,17.28,17.28,6.8687e+06,0.0415914,0.0415914,0.0523143,-0.0523143, 0.0523143,0,0.0415914, 4.2679,14.3, 0, -4.9517, 16.9315, 240.563, 0, -2072.83,0,-328.34, 0, -469.5, -141.161, -189.29, 0, 7409.2, 4138.26
12/02/2019,17.2,17.5,16.35,17.17,17.17,1.24896e+07,-0.0063658,-0.0063658,0.0527158,-0.0527158, 0.0527158,0,-0.0063658, 4.23833,14.3, 0, 0.769362, 17.2249, 241.332, 0, -2083.2,0,-328.34, 0, -518.43, -190.09, -182.904, -48.9293, 7323.13, 4182.67
12/09/2019,17.08,18.04,16.9,17.9,17.9,1.18411e+07,0.042516,0.042516,0.0515224,-0.0515224, 0.0515224,0,0.042516, 4.32713,14.3, 0, -4.97224, 17.5312, 236.36, 0, -1993.25,0,-328.34, 0, -518.43, -190.09, -224.541, 0, 8076.35, 4057.06
12/16/2019,18.05,18.5,17.47,17.94,17.94,1.20112e+07,0.00223469,0.00223469,0.048139,-0.048139, 0.048139,0,0.00223469, 4.59461,14.3, 0, -0.263654, 17.92, 236.096, 0, -1986.07,0,-328.34, 0, -518.43, -190.09, -226.773, 0, 8137.11, 4068.8
12/23/2019,18,18.57,17.96,18.24,18.24,5.9664e+06,0.0167224,0.0167224,0.0449891,-0.0449891, 0.0449891,0,0.0167224, 4.86657,14.3, 0, -1.94962, 18.0894, 234.146, 0, -1948.65,0,-328.34, 0, -518.43, -190.09, -243.357, 0, 8455.42, 4016.58
12/30/2019,18.2,22.59,18.13,22.08,22.08,3.02177e+07,0.210526,0.134967,0.0440677,-0.0440677, 0.0440677,0.159433,0.0440677, 4.9507,14.3, 0, -21.3323, 18.6376, 212.814, 0, -1548.97,159.433,-168.907, 0, -358.997, -190.09, -434.413, 0, 12309.1, 2717.24
01/06/2020,21.46,24.47,20.83,21.55,21.55,4.54307e+07,-0.0240037,-0.0240037,0.047109,-0.047109, 0.047109,0,-0.0240037, 4.68098,14.3, 0, 2.60108, 21.8134, 215.415, 0, -1603.12,-67.9133,-236.82, 0, -451.158, -214.338, -410.116, -24.2476, 11803.3, 2965.28
01/13/2020,22.35,23.6,21.85,22.8,22.8,2.63583e+07,0.0580046,0.0580046,0.046741,-0.046741, 0.046741,0.0107607,0.046741, 4.71243,14.3, 0, -5.98826, 22.0479, 209.427, 0, -1468.53,10.7607,-226.059, 0, -440.397, -214.338, -466.501, 0, 13077.3, 2441.11
01/20/2020,22.51,23.25,21.59,21.82,21.82,1.91553e+07,-0.0429824,-0.0429824,0.0457086,-0.0457086, 0.0457086,0,-0.0429824, 4.80236,14.3, 0, 4.65133, 22.3046, 214.078, 0, -1569.81,0,-226.059, 0, -443.254, -217.194, -422.567, -2.85677, 12120.7, 2900.29
01/27/2020,20.85,22.78,20.61,21.55,21.55,1.82858e+07,-0.012374,-0.012374,0.0460648,-0.0460648, 0.0460648,0,-0.012374, 4.77105,14.3, 0, 1.33692, 21.6846, 215.415, 0, -1596.33,0,-226.059, 0, -478.571, -252.512, -410.116, -35.3177, 11873.7, 3035.72
02/03/2020,21.55,26.72,21.51,24.99,24.99,3.56425e+07,0.159629,0.138194,0.0460564,-0.0460564, 0.0460564,0.108572,0.0460564, 4.77178,14.3, 0, -15.3752, 22.0407, 200.04, 0, -1254.96,108.572,-117.487, 0, -369.999, -252.512, -558.216, 0, 15335.2, 1385.37
02/10/2020,25.89,28.95,24.83,28.69,28.69,3.7292e+07,0.148059,0.138169,0.0515446,-0.0515446, 0.0515446,0.0917837,0.0515446, 4.32545,14.3, 0, -13.3441, 25.626, 186.696, 0, -909.639,91.7837,-25.7038, 0, -278.216, -252.512, -696.289, 0, 19067.8, -908.71
02/17/2020,29,29.005,26.646,26.88,26.88,2.59591e+07,-0.0630883,-0.0630883,0.0548923,-0.0548923, 0.0548923,-0.00867193,-0.0548923, 4.08327,14.3, 0, 6.18332, 27.8915, 192.879, 0, -1078.12,0,-25.7038, 0, -269.544, -243.84, -631.123, 8.67193, 17300, 335.398
02/24/2020,25.705,29.28,24.56,25.68,25.68,4.15293e+07,-0.0446428,-0.0446428,0.0568645,-0.0568645, 0.0568645,0,-0.0446428, 3.95,14.3, 0, 4.45507, 26.2731, 197.334, 0, -1191.03,-96.0458,-121.75, 0, -378.548, -256.799, -585.453, -12.9586, 16142.6, 1108.13
03/02/2020,26.48,28.27,25.85,26.68,26.68,2.87243e+07,0.0389408,0.0389408,0.0552863,-0.0552863, 0.0552863,0,0.0389408, 4.05611,14.3, 0, -3.73349, 26.1752, 193.601, 0, -1089.39,-15.4892,-137.239, 0, -394.037, -256.799, -623.655, 0, 17182.5, 543.401
03/09/2020,24.76,26.71,22.23,23.37,23.37,2.9736e+07,-0.124063,-0.124063,0.0537021,-0.0537021, 0.0537021,-0.0743538,-0.0537021, 4.16699,14.3, 0, 13.2564, 25.9537, 206.857, 0, -1429.77,0,-137.239, 0, -319.684, -182.445, -491.194, 74.3538, 13910.9, 2431.74
03/16/2020,21.11,24.76,19.25,20.19,20.19,3.88508e+07,-0.136072,-0.136072,0.0595774,-0.0595774, 0.0595774,-0.0813405,-0.0595774, 3.77708,14.3, 0, 15.695, 22.6631, 222.552, 0, -1781.25,0,-137.239, 0, -238.343, -101.104, -344.928, 81.3405, 10772.3, 3808.22
03/23/2020,20,23.98,19.45,22.11,22.11,2.61245e+07,0.0950966,0.0950966,0.0656237,-0.0656237, 0.0656237,0.0276579,0.0656237, 3.43031,14.3, 0, -9.88247, 20.8419, 212.67, 0, -1570.36,27.6579,-109.581, 0, -210.685, -101.104, -435.771, 0, 12737.2, 3102.26
03/30/2020,22.4,24.85,22.15,24.11,24.11,2.12307e+07,0.0904568,0.0904568,0.0666045,-0.0666045, 0.0666045,0.0223629,0.0666045, 3.37859,14.3, 0, -9.01174, 22.8344, 203.658, 0, -1359.28,22.3629,-87.218, 0, -188.322, -101.104, -522.367, 0, 14787.7, 2193.46
04/06/2020,24.91,29.74,24.4,26.83,26.83,2.55262e+07,0.112816,0.112816,0.0680026,-0.0680026, 0.0680026,0.0419602,0.0680026, 3.30685,14.3, 0, -10.5991, 24.9163, 193.059, 0, -1089.42,41.9602,-45.2577, 0, -146.362, -101.104, -629.261, 0, 17565.2, 682.173
04/13/2020,27.03,29.7,25.81,29,29,2.41184e+07,0.0808796,0.0808796,0.0701271,-0.0701271, 0.0701271,0.0100479,0.0701271, 3.20215,14.3, 0, -7.36349, 27.7548, 185.695, 0, -878.573,10.0479,-35.2098, 0, -136.314, -101.104, -707.036, 0, 19803.3, -700.761
04/20/2020,28.69,30.5,27.32,27.74,27.74,2.83242e+07,-0.0434483,-0.0434483,0.0710278,-0.0710278, 0.0710278,0,-0.0434483, 3.15925,14.3, 0, 4.17047, 28.363, 189.866, 0, -990.144,0,-35.2098, 0, -136.314, -101.104, -662.616, 0, 18614.9, 233.975
04/27/2020,28.33,28.341,25,25.14,25.14,2.30462e+07,-0.0937275,-0.0937275,0.0704013,-0.0704013, 0.0704013,-0.0250927,-0.0704013, 3.18899,14.3, 0, 9.57653, 26.7457, 199.442, 0, -1239.87,0,-35.2098, 0, -111.221, -76.0116, -564.201, 25.0927, 16081.4, 1897.43
05/04/2020,26.36,29.84,26.045,29,29,1.86624e+07,0.15354,0.15354,0.0729576,-0.0729576, 0.0729576,0.0751032,0.0729576, 3.0702,14.3, 0, -13.747, 26.0409, 185.695, 0, -875.091,75.1032,39.8934, 0, -36.1182, -76.0116, -707.036, 0, 20010, -494.039
05/11/2020,28.76,31.62,28.08,30.88,30.88,2.4453e+07,0.0648276,0.0648276,0.0769484,-0.0769484, 0.0769484,0,0.0648276, 2.89759,14.3, 0, -5.7414, 29.9252, 179.954, 0, -695.181,-11.2548,28.6386, 0, -47.373, -76.0116, -769.849, 0, 21978.3, -1794.64
05/18/2020,32,36.47,31.36,33.04,33.04,4.84645e+07,0.0699483,0.0699483,0.0772088,-0.0772088, 0.0772088,0,0.0699483, 2.88683,14.3, 0, -5.98169, 31.9417, 173.972, 0, -495.693,-6.74015,21.8984, 0, -54.1132, -76.0116, -837.459, 0, 24233.1, -3436.57
05/25/2020,33.91,34.7,30.44,32.43,32.43,3.72551e+07,-0.0184625,-0.0184625,0.0770564,-0.0770564, 0.0770564,0,-0.0184625, 2.89312,14.3, 0, 1.62857, 32.7336, 175.601, 0, -540.508,0,21.8984, 0, -117.599, -139.497, -818.824, -63.4859, 23720.3, -2834.19
06/01/2020,32.44,34.54,32.32,34.5,34.5,2.51131e+07,0.0638298,0.0638298,0.0771572,-0.0771572, 0.0771572,0,0.0638298, 2.88896,14.3, 0, -5.34951, 33.449, 170.251, 0, -352.965,0,21.8984, 0, -117.599, -139.497, -880.7, 0, 25889.5, -4494.62
06/08/2020,34.68,36.01,33.585,35.87,35.87,2.30718e+07,0.0397101,0.0397101,0.0774606,-0.0774606, 0.0774606,0,0.0397101, 2.87649,14.3, 0, -3.28289, 35.1783, 166.968, 0, -228.582,0,21.8984, 0, -117.599, -139.497, -919.642, 0, 27365, -5622.58
06/15/2020,35.06,45.95,35.02,44.72,44.72,4.25673e+07,0.246724,0.232382,0.0774431,-0.0774431, 0.0774431,0.157114,0.0774431, 2.87721,14.3, 0, -17.4313, 37.233, 149.537, 0, 429.586,157.114,179.012, 0, 39.5148, -139.497, -1140.16, 0, 36317.2, -14670.8
06/22/2020,45,45.44,41.54,44.52,44.52,2.46937e+07,-0.00447229,-0.00447229,0.0858484,-0.0858484, 0.0858484,0,-0.00447229, 2.56143,14.3, 0, 0.335513, 44.6199, 149.873, 0, 426.923,0,179.012, 0, 39.5148, -139.497, -1135.68, 0, 36281.6, -14278.8
06/29/2020,44.03,49.19,43.59,48.18,48.18,1.92849e+07,0.0822102,0.0822102,0.0861105,-0.0861105, 0.0861105,0,0.0822102, 2.55243,14.3, 0, -5.80497, 46.3139, 144.068, 0, 708.389,-3.59108,175.421, 0, 35.9237, -139.497, -1214.68, 0, 40112.3, -18411.2
07/06/2020,51.17,51.25,43.4,47.55,47.55,5.06115e+07,-0.013076,-0.013076,0.0862687,-0.0862687, 0.0862687,0,-0.013076, 2.54702,14.3, 0, 0.951253, 47.864, 145.019, 0, 675.731,0,175.421, 0, -44.1793, -219.601, -1201.52, -80.1031, 39660.5, -17471.9
07/13/2020,48.191,49.37,40.38,41.9,41.9,3.36345e+07,-0.118822,-0.118822,0.0866962,-0.0866962, 0.0866962,-0.0351756,-0.0866962, 2.53249,14.3, 0, 9.46842, 45.4421, 154.487, 0, 258.133,0,175.421, 0, -9.00377, -184.425, -1075.03, 35.1756, 34182, -10861.6
07/20/2020,42.15,45.36,38.54,40.1,40.1,3.00645e+07,-0.0429595,-0.0429595,0.0908971,-0.0908971, 0.0908971,0,-0.0429595, 2.39612,14.3, 0, 3.42924, 40.9901, 157.917, 0, 130.792,0,175.421, 0, -9.00377, -184.425, -1031.12, 0, 32551.4, -8796.33
07/27/2020,40.08,43.65,39.66,43.58,43.58,1.70974e+07,0.0867831,0.0867831,0.0918246,-0.0918246, 0.0918246,0,0.0867831, 2.36749,14.3, 0, -6.43624, 41.8038, 151.48, 0, 413.48,0,175.421, 0, -9.00377, -184.425, -1114.34, 0, 36206.7, -12356.2
08/03/2020,44.785,47.62,40.77,41.61,41.61,2.80456e+07,-0.0452042,-0.0452042,0.0902804,-0.0902804, 0.0902804,0,-0.0452042, 2.41544,14.3, 0, 3.54441, 42.5836, 155.025, 0, 275.844,-124.266,51.1553, 0, -133.27, -184.425, -1068.08, 0, 34410.4, -10032.4
08/10/2020,42,42.42,40.12,41.58,41.58,1.83078e+07,-0.000720956,-0.000720956,0.0907626,-0.0907626, 0.0907626,0,-0.000720956, 2.40031,14.3, 0, 0.0559133, 41.595, 155.081, 0, 286.8,0,51.1553, 0, -133.27, -184.425, -1067.36, 0, 34551.7, -9829.09
08/17/2020,42.112,45.8,41.955,44.99,44.99,1.56976e+07,0.0820106,0.0820106,0.0906538,-0.0906538, 0.0906538,0,0.0820106, 2.40371,14.3, 0, -5.99294, 43.2514, 149.088, 0, 559.515,-7.9248,43.2305, 0, -141.194, -184.425, -1146.18, 0, 38138.6, -13428.1
08/24/2020,46.32,49.98,43.8,47.39,47.39,3.83952e+07,0.0533451,0.0533451,0.0903987,-0.0903987, 0.0903987,0,0.0533451, 2.41171,14.3, 0, -3.82421, 46.1744, 145.264, 0, 749.978,-33.9817,9.2488, 0, -175.176, -184.425, -1198.15, 0, 40727, -16053.4
08/31/2020,47.11,54,43.94,47.02,47.02,3.53667e+07,-0.00780753,-0.00780753,0.0902088,-0.0902088, 0.0902088,0,-0.00780753, 2.41769,14.3, 0, 0.570417, 47.2046, 145.834, 0, 737.029,-89.9061,-80.6573, 0, -265.082, -184.425, -1190.31, 0, 40549, -15419.5
09/07/2020,44.5,45.74,42.384,43.02,43.02,1.64868e+07,-0.0850702,-0.0850702,0.088035,-0.088035, 0.088035,0,-0.0850702, 2.48779,14.3, 0, 6.62915, 44.9756, 152.463, 0, 451.873,0,-80.6573, 0, -268.333, -187.676, -1101.41, -3.25107, 36724.6, -10657.8
09/14/2020,43.65,46.39,41.64,43.08,43.08,2.03961e+07,0.00139475,0.00139475,0.0875096,-0.0875096, 0.0875096,0,0.00139475, 2.50519,14.3, 0, -0.106213, 43.05, 152.357, 0, 469.007,0,-80.6573, 0, -268.333, -187.676, -1102.8, 0, 36949.5, -10559.1
09/21/2020,41.67,43.55,40.4,42.2,42.2,1.4739e+07,-0.0204271,-0.0204271,0.0862618,-0.0862618, 0.0862618,0,-0.0204271, 2.54726,14.3, 0, 1.58036, 42.6377, 153.937, 0, 413.771,0,-80.6573, 0, -268.333, -187.676, -1082.16, 0, 36228.1, -9439.06
09/28/2020,42.62,43.02,40.41,41.8,41.8,1.35468e+07,-0.00947872,-0.00947872,0.0857577,-0.0857577, 0.0857577,0,-0.00947872, 2.56455,14.3, 0, 0.734792, 41.9995, 154.672, 0, 394.826,0,-80.6573, 0, -268.333, -187.676, -1072.64, 0, 35982.6, -8853.65
10/05/2020,42.5,48.7,42.4,48.42,48.42,2.30405e+07,0.158373,0.158373,0.0858405,-0.0858405, 0.0858405,0.0667987,0.0858405, 2.5617,14.3, 0, -10.9619, 43.5571, 143.71, 0, 884.451,66.7987,-13.8586, 0, -201.535, -187.676, -1219.65, 0, 42762.4, -16293.3
10/12/2020,49.43,49.57,43.06,43.82,43.82,2.04469e+07,-0.095002,-0.095002,0.0851876,-0.0851876, 0.0851876,-0.0107284,-0.0851876, 2.58432,14.3, 0, 7.35478, 46.3117, 151.065, 0, 556.185,0,-13.8586, 0, -190.806, -176.948, -1119.83, 10.7284, 38331.4, -10739.6
10/19/2020,44,46.07,43.79,44.44,44.44,1.89032e+07,0.0141488,0.0141488,0.0827622,-0.0827622, 0.0827622,0,0.0141488, 2.67104,14.3, 0, -1.05748, 44.1289, 150.008, 0, 614.225,0,-13.8586, 0, -190.806, -176.948, -1133.88, 0, 39102.5, -11287.1
10/26/2020,43.78,47.37,43.61,44.67,44.67,1.61438e+07,0.0051755,0.0051755,0.0818462,-0.0818462, 0.0818462,0,0.0051755, 2.70493,14.3, 0, -0.386681, 44.5549, 149.621, 0, 642.633,0,-13.8586, 0, -190.806, -176.948, -1139.04, 0, 39481.8, -11399.3
11/02/2020,45.15,49.18,42.92,48.87,48.87,2.68337e+07,0.0940229,0.0940229,0.0810167,-0.0810167, 0.0810167,0.0120315,0.0810167, 2.73619,14.3, 0, -6.57379, 46.4443, 143.047, 0, 959.131,12.0315,-1.82715, 0, -178.775, -176.948, -1228.9, 0, 43833.7, -16222.9
11/09/2020,49.78,49.79,42.7,48.9,48.9,3.0243e+07,0.000613935,0.000613935,0.0803717,-0.0803717, 0.0803717,0,0.000613935, 2.76086,14.3, 0, -0.0438906, 48.885, 143.003, 0, 972.567,0,-1.82715, 0, -266.838, -265.011, -1229.52, -88.0634, 44021.6, -16101.9
11/16/2020,49.39,61.75,47.15,60,60,5.20049e+07,0.226994,0.226994,0.0797047,-0.0797047, 0.0797047,0.136416,0.0797047, 2.78673,14.3, 0, -13.9037, 50.8114, 129.099, 0, 1690.35,136.416,134.589, 0, -130.422, -265.011, -1434.09, 0, 55274.3, -30770.8
11/23/2020,61.17,65.49,60.32,64.86,64.86,1.70026e+07,0.081,0.081,0.0872076,-0.0872076, 0.0872076,0,0.081, 2.51528,14.3, 0, -4.93092, 62.3827, 124.169, 0, 2012.98,-5.70963,128.879, 0, -136.132, -265.011, -1511.97, 0, 60370.3, -37696.2
11/30/2020,63.45,68.37,58.56,67.79,67.79,1.9802e+07,0.0451742,0.0451742,0.0845121,-0.0845121, 0.0845121,0,0.0451742, 2.60805,14.3, 0, -2.71303, 66.3088, 121.455, 0, 2207.41,0,128.879, 0, -277.79, -406.669, -1556.16, -141.658, 63536.8, -41954.9
12/07/2020,68.56,81.98,67.683,75.91,75.91,3.2387e+07,0.119782,0.119782,0.0815323,-0.0815323, 0.0815323,0.0353659,0.0815323, 2.7167,14.3, 0, -6.67965, 70.4994, 114.776, 0, 2692.28,35.3659,164.245, 0, -242.424, -406.669, -1669.29, 0, 71891, -54824.8
12/14/2020,78.406,86.6,76,84.68,84.68,2.24298e+07,0.115531,0.115531,0.0829161,-0.0829161, 0.0829161,0.0301182,0.0829161, 2.66541,14.3, 0, -6.10587, 78.9944, 108.67, 0, 3189.88,30.1182,194.363, 0, -212.306, -406.669, -1778.62, 0, 80932.2, -69681.3
12/21/2020,83.8,90.19,78.6,82.01,82.01,1.87985e+07,-0.0315304,-0.0315304,0.0840233,-0.0840233, 0.0840233,0,-0.0315304, 2.62541,14.3, 0, 1.75481, 83.3343, 110.425, 0, 3059.76,0,194.363, 0, -212.306, -406.669, -1746.58, 0, 78556.5, -64680.7
12/28/2020,82.034,95.71,78.88,85.72,85.72,2.78427e+07,0.0452384,0.0452384,0.0843417,-0.0843417, 0.0843417,0,0.0452384, 2.61408,14.3, 0, -2.41605, 83.8445, 108.009, 0, 3278.62,-36.0618,158.302, 0, -248.368, -406.669, -1790.83, 0, 82564.4, -70945.3
01/04/2021,90.54,120.8,90.45,118.47,118.47,4.28173e+07,0.382058,0.253025,0.0841851,-0.0841851, 0.0841851,0.274743,0.0841851, 2.61965,14.3, 0, -16.1341, 89.2553, 91.8747, 0, 4735.41,274.743,433.045, 0, 26.3758, -406.669, -2114.4, 0, 115529, -134964
01/11/2021,114.39,129.4,111.2,122.63,122.63,2.71878e+07,0.0351143,0.0351143,0.0932371,-0.0932371, 0.0932371,0,0.0351143, 2.32488,14.3, 0, -1.57178, 120.532, 90.3029, 0, 4948.72,0,433.045, 0, 26.3758, -406.669, -2148.91, 0, 120213, -143308
01/18/2021,127.69,137.347,121.765,133.75,133.75,2.66357e+07,0.0906793,0.0906793,0.085926,-0.085926, 0.085926,0.00437717,0.085926, 2.55876,14.3, 0, -3.83535, 127.79, 86.4675, 0, 5459.7,4.37717,437.422, 0, 30.7529, -406.669, -2235.71, 0, 131802, -167225
01/25/2021,142.55,144.46,113.33,113.89,113.89,4.00846e+07,-0.148486,-0.148486,0.0862058,-0.0862058, 0.0862058,-0.0681556,-0.0862058, 2.54917,14.3, 0, 7.23626, 127.855, 93.7038, 0, 4555.52,0,437.422, 0, 98.9085, -338.514, -2074.97, 68.1556, 112422, -123897
02/01/2021,120.98,150.35,116.81,138.98,138.98,3.68973e+07,0.2203,0.2203,0.0921507,-0.0921507, 0.0921507,0.117337,0.0921507, 2.35755,14.3, 0, -8.8788, 119.022, 84.825, 0, 5635.45,117.337,554.759, 0, 216.245, -338.514, -2274.07, 0, 138005, -178046
02/08/2021,141,157.66,133.704,153.12,153.12,3.00376e+07,0.101741,0.101741,0.0980785,-0.0980785, 0.0980785,0.00333565,0.0980785, 2.18722,14.3, 0, -4.01147, 145.636, 80.8135, 0, 6248.69,3.33565,558.095, 0, 219.581, -338.514, -2370.96, 0, 152841, -210201
02/15/2021,156.39,157.4,139.21,143.6,143.6,1.86845e+07,-0.0621734,-0.0621734,0.0941491,-0.0941491, 0.0941491,0,-0.0621734, 2.29797,14.3, 0, 2.63579, 148.284, 83.4493, 0, 5884.83,0,558.095, 0, 219.581, -338.514, -2306.77, 0, 143980, -187273
02/22/2021,135.88,147.71,114.98,125.97,125.97,5.08619e+07,-0.122772,-0.122772,0.0948295,-0.0948295, 0.0948295,-0.0308695,-0.0948295, 2.2782,14.3, 0, 5.64837, 136.622, 89.0977, 0, 5139.41,0,558.095, 0, 250.451, -307.644, -2175.78, 30.8695, 126967, -147116
03/01/2021,132.95,145.915,110,118.84,118.84,4.18014e+07,-0.0566008,-0.0566008,0.0991982,-0.0991982, 0.0991982,0,-0.0566008, 2.15712,14.3, 0, 2.63385, 122.353, 91.7315, 0, 4844.37,-141.739,416.356, 0, 61.4234, -354.932, -2117.52, -47.2883, 120440, -131206
03/08/2021,111,114.472,97.41,109.99,109.99,5.06258e+07,-0.0744699,-0.0744699,0.0995458,-0.0995458, 0.0995458,0,-0.0744699, 2.14791,14.3, 0, 3.61905, 114.329, 95.3506, 0, 4457.09,0,416.356, 0, 33.5754, -382.781, -2040.13, -27.8481, 112159, -112235
03/15/2021,107.713,119.83,103.73,108.86,108.86,2.6347e+07,-0.0102736,-0.0102736,0.101397,-0.101397, 0.101397,0,-0.0102736, 2.0998,14.3, 0, 0.493605, 109.424, 95.8442, 0, 4429.97,0,416.356, 0, 33.5754, -382.781, -2029.8, 0, 111591, -109373
03/22/2021,109.35,110.25,90,97.08,97.08,4.16922e+07,-0.108212,-0.108212,0.101301,-0.101301, 0.101301,-0.00769075,-0.101301, 2.10227,14.3, 0, 5.64857, 103.199, 101.493, 0, 3873.1,0,416.356, 0, 41.2661, -375.09, -1915.28, 7.69075, 100345, -85589.8
03/29/2021,99.33,117.88,98.1,111.98,111.98,3.11806e+07,0.153482,0.153482,0.104335,-0.104335, 0.104335,0.0445038,0.104335, 2.02673,14.3, 0, -6.99322, 102.019, 94.4996, 0, 4614.03,44.5038,460.86, 0, 85.7699, -375.09, -2058.06, 0, 115800, -114662
04/05/2021,112.62,115.28,104.19,105.8,105.8,1.99563e+07,-0.0551884,-0.0551884,0.106669,-0.106669, 0.106669,0,-0.0551884, 1.97134,14.3, 0, 2.72079, 108.846, 97.2203, 0, 4347.56,0,460.86, 0, 85.7699, -375.09, -2001.29, 0, 110240, -101497
04/12/2021,103.897,106.09,101.25,103.48,103.48,1.28129e+07,-0.0219282,-0.0219282,0.10568,-0.10568, 0.10568,0,-0.0219282, 1.99451,14.3, 0, 1.08379, 104.634, 98.3041, 0, 4262.72,0,460.86, 0, 85.7699, -375.09, -1979.12, 0, 108504, -96294.8
04/19/2021,104.36,117.85,98.38,116.66,116.66,2.21902e+07,0.127368,0.127368,0.106,-0.106, 0.106,0.0193194,0.106, 1.98697,14.3, 0, -5.71948, 108.826, 92.5847, 0, 4914.45,19.3194,480.179, 0, 105.089, -375.09, -2099, 0, 122294, -122576
04/26/2021,115.218,122.73,110.26,110.86,110.86,1.87726e+07,-0.0497172,-0.0497172,0.106936,-0.106936, 0.106936,0,-0.0497172, 1.96515,14.3, 0, 2.39106, 113.723, 94.9757, 0, 4673.02,0,480.179, 0, 105.089, -375.09, -2048.01, 0, 117145, -109898
05/03/2021,110.13,110.25,100.6,101.67,101.67,1.62945e+07,-0.0828974,-0.0828974,0.10778,-0.10778, 0.10778,0,-0.0828974, 1.94577,14.3, 0, 4.1996, 106.166, 99.1753, 0, 4257.09,0,480.179, 0, 105.089, -375.09, -1961.47, 0, 108574, -90848.8
05/10/2021,99.19,99.67,84.4,96.87,96.87,3.23111e+07,-0.0472115,-0.0472115,0.107261,-0.107261, 0.107261,0,-0.0472115, 1.95766,14.3, 0, 2.42741, 99.241, 101.603, 0, 4044.84,0,480.179, 0, 37.8253, -442.354, -1913.11, -67.264, 104345, -80977.5
05/17/2021,96.9,107.06,94.72,102.43,102.43,1.94927e+07,0.0573965,0.0573965,0.10573,-0.10573, 0.10573,0,0.0573965, 1.99334,14.3, 0, -2.79602, 99.6112, 98.8067, 0, 4351.25,0,480.179, 0, 37.8253, -442.354, -1968.92, 0, 110462, -91214.9
05/24/2021,102.09,108.25,99.92,107.18,107.18,2.65094e+07,0.0463731,0.0463731,0.105821,-0.105821, 0.105821,0,0.0463731, 1.99119,14.3, 0, -2.21427, 104.778, 96.5924, 0, 4611.91,0,480.179, 0, 37.8253, -442.354, -2014.25, 0, 115798, -100090
05/31/2021,111.04,115.9,105.11,108.93,108.93,1.58656e+07,0.0163277,0.0163277,0.105755,-0.105755, 0.105755,0,0.0163277, 1.99276,14.3, 0, -0.779038, 108.051, 95.8134, 0, 4725.15,0,480.179, 0, 37.8253, -442.354, -2030.45, 0, 118152, -103024
06/07/2021,106.21,112.5,103.51,111.41,111.41,1.33514e+07,0.022767,0.022767,0.105118,-0.105118, 0.105118,0,0.022767, 2.00788,14.3, 0, -1.07241, 110.163, 94.741, 0, 4872.29,0,480.179, 0, 37.8253, -442.354, -2052.96, 0, 121241, -107479
06/14/2021,111.51,119.19,108.5,118.38,118.38,2.14936e+07,0.0625616,0.0625616,0.104991,-0.104991, 0.104991,0,0.0625616, 2.01092,14.3, 0, -2.8314, 114.842, 91.9096, 0, 5226.98,0,480.179, 0, 37.8253, -442.354, -2113.64, 0, 128842, -121370
06/21/2021,117.11,128.7,108.6,124.45,124.45,2.23717e+07,0.0512756,0.0512756,0.0984144,-0.0984144, 0.0984144,0,0.0512756, 2.17812,14.3, 0, -2.26945, 121.377, 89.6401, 0, 5529.12,0,480.179, 0, 37.8253, -442.354, -2163.64, 0, 135500, -133766
06/28/2021,127.5,129.24,117.28,119.58,119.58,1.20451e+07,-0.0391321,-0.0391321,0.0979702,-0.0979702, 0.0979702,0,-0.0391321, 2.19016,14.3, 0, 1.80712, 121.991, 91.4473, 0, 5335.17,0,480.179, 0, 37.8253, -442.354, -2123.73, 0, 131215, -122740
07/05/2021,113.199,113.49,97.98,106.74,106.74,2.48492e+07,-0.107376,-0.107376,0.0985225,-0.0985225, 0.0985225,-0.00982095,-0.0985225, 2.17521,14.3, 0, 5.34405, 113.537, 96.7913, 0, 4754.28,0,480.179, 0, 47.6463, -432.533, -2010.14, 9.82095, 118931, -95631.3
07/12/2021,107.34,114.28,104.46,109.01,109.01,1.35335e+07,0.0212667,0.0212667,0.0993372,-0.0993372, 0.0993372,0,0.0212667, 2.15343,14.3, 0, -1.01308, 107.869, 95.7782, 0, 4889.18,0,480.179, 0, 47.6463, -432.533, -2031.18, 0, 121733, -99686.2
07/19/2021,106.08,116.18,90.81,95.21,95.21,2.91956e+07,-0.126594,-0.126594,0.0974455,-0.0974455, 0.0974455,-0.0322955,-0.0974455, 2.20451,14.3, 0, 6.70639, 103.563, 102.485, 0, 4218.81,0,480.179, 0, 79.9418, -400.237, -1895.83, 32.2955, 108427, -72074.5
07/26/2021,88.05,95.95,79.07,85.58,85.58,4.90305e+07,-0.101145,-0.101145,0.100331,-0.100331, 0.100331,-0.000904741,-0.100331, 2.12731,14.3, 0, 5.61243, 90.3075, 108.097, 0, 3735.88,0,480.179, 0, 80.8465, -399.333, -1789.19, 0.904741, 99255.9, -53863.2
08/02/2021,85.69,92.5,77.561,78.68,78.68,2.62614e+07,-0.0806263,-0.0806263,0.101924,-0.101924, 0.101924,0,-0.0806263, 2.08642,14.3, 0, 4.6403, 82.0575, 112.737, 0, 3378.63,0,480.179, 0, 80.8465, -399.333, -1705.13, 0, 92784.2, -41375.4
08/09/2021,79.68,85.15,73.81,74.1,74.1,2.54702e+07,-0.0582105,-0.0582105,0.0911695,-0.0911695, 0.0911695,0,-0.0582105, 2.38766,14.3, 0, 3.43182, 76.3557, 116.169, 0, 3134.75,0,480.179, 0, 80.8465, -399.333, -1645.16, 0, 88522.2, -33383.9
08/16/2021,71.93,72.52,61.63,66.54,66.54,3.55062e+07,-0.102024,-0.102024,0.0911832,-0.0911832, 0.0911832,-0.0119288,-0.0911832, 2.38723,14.3, 0, 6.42183, 70.6409, 122.591, 0, 2698.58,0,480.179, 0, 92.7753, -387.404, -1537.54, 11.9288, 81257.7, -21050.4
08/23/2021,68.81,79.89,67.57,75.33,75.33,3.132e+07,0.132101,0.132101,0.0904327,-0.0904327, 0.0904327,0.0382126,0.0904327, 2.41064,14.3, 0, -7.37415, 69.4836, 115.217, 0, 3228,38.2126,518.392, 0, 130.988, -387.404, -1661.62, 0, 90331.6, -34838.2
08/30/2021,70.2,87.49,70,85.95,85.95,3.15189e+07,0.14098,0.14098,0.0911011,-0.0911011, 0.0911011,0.0457139,0.0911011, 2.38978,14.3, 0, -7.35272, 78.6865, 107.864, 0, 3824.97,45.7139,564.106, 0, 176.702, -387.404, -1793.51, 0, 101278, -52874
09/06/2021,90.8,93.47,78.15,83.46,83.46,2.16915e+07,-0.0289703,-0.0289703,0.0851497,-0.0851497, 0.0851497,0,-0.0289703, 2.58564,14.3, 0, 1.59722, 84.6958, 109.461, 0, 3706.37,-105.165,458.94, 0, 10.1283, -448.812, -1764.11, -61.4083, 99094.9, -48137.5
09/13/2021,81.64,82.09,71.69,74.44,74.44,2.11823e+07,-0.108076,-0.108076,0.0824062,-0.0824062, 0.0824062,-0.0279748,-0.0824062, 2.68414,14.3, 0, 6.44222, 79.9473, 115.904, 0, 3206.52,0,458.94, 0, 38.103, -420.837, -1649.73, 27.9748, 90347.5, -32458.7
09/20/2021,71.07,74.91,68.645,70.73,70.73,1.61455e+07,-0.0498388,-0.0498388,0.0836941,-0.0836941, 0.0836941,0,-0.0498388, 2.63722,14.3, 0, 3.00089, 72.5613, 118.904, 0, 3003.68,0,458.94, 0, 38.103, -420.837, -1598.61, 0, 86892, -26177.7
09/27/2021,70,72.15,63.3,64.88,64.88,2.27442e+07,-0.082709,-0.082709,0.0815881,-0.0815881, 0.0815881,-0.00122049,-0.0815881, 2.7146,14.3, 0, 5.24493, 67.7833, 124.149, 0, 2661.87,0,458.94, 0, 39.3235, -419.617, -1512.28, 1.22049, 81269.3, -16847.4
10/04/2021,64,72,60.47,70.96,70.96,1.76209e+07,0.0937115,0.0937115,0.0821745,-0.0821745, 0.0821745,0.010661,0.0821745, 2.69272,14.3, 0, -5.43778, 67.4931, 118.712, 0, 3042.75,10.661,469.601, 0, 49.9845, -419.617, -1601.86, 0, 87576.4, -26091.4
10/11/2021,73.2,73.2,68.12,70.09,70.09,1.3065e+07,-0.0122605,-0.0122605,0.0838217,-0.0838217, 0.0838217,0,-0.0122605, 2.63263,14.3, 0, 0.734491, 70.5237, 119.446, 0, 3005.7,0,469.601, 0, 49.9845, -419.617, -1589.52, 0, 86954.1, -24455.4
10/18/2021,71.65,84.18,70.79,82.1,82.1,2.43811e+07,0.171351,0.171351,0.0838218,-0.0838218, 0.0838218,0.08076,0.0838218, 2.63263,14.3, 0, -9.08185, 72.9684, 110.364, 0, 3683.39,80.76,550.361, 0, 130.744, -419.617, -1747.68, 0, 99218.1, -44266.3
10/25/2021,83,83.2,73.165,73.3,73.3,1.34395e+07,-0.107186,-0.107186,0.0880976,-0.0880976, 0.0880976,-0.0209328,-0.0880976, 2.48573,14.3, 0, 6.43714, 78.4002, 116.801, 0, 3195.9,0,550.361, 0, 151.677, -398.684, -1634.3, 20.9328, 90723.9, -29070.4
11/01/2021,74.05,80.97,73.97,74.82,74.82,1.25972e+07,0.0207367,0.0207367,0.0850461,-0.0850461, 0.0850461,0,0.0207367, 2.58927,14.3, 0, -1.19252, 74.0561, 115.609, 0, 3299.77,-59.2688,491.093, 0, 92.4085, -398.684, -1654.83, 0, 92511.6, -31302.4
11/08/2021,76.31,87.4,75.5,86.05,86.05,1.36243e+07,0.150094,0.150094,0.0848024,-0.0848024, 0.0848024,0.0601872,0.0848024, 2.59781,14.3, 0, -7.80743, 77.9279, 107.801, 0, 3924.06,60.1872,551.28, 0, 152.596, -398.684, -1794.67, 0, 104021, -50410.3
11/15/2021,86.56,89.8,65.67,67.12,67.12,4.42309e+07,-0.219988,-0.219988,0.0895168,-0.0895168, 0.0895168,-0.143299,-0.0895168, 2.43969,14.3, 0, 14.2587, 82.1083, 122.06, 0, 2771.45,0,551.28, 0, 295.895, -255.385, -1546.22, 143.299, 85444.1, -18338.4
11/22/2021,69.91,72.95,66.63,68.79,68.79,1.99185e+07,0.0248808,0.0248808,0.0944899,-0.0944899, 0.0944899,0,0.0248808, 2.28804,14.3, 0, -1.49072, 67.9499, 120.569, 0, 2891.15,0,551.28, 0, 295.895, -255.385, -1570.8, 0, 87417.4, -20637.9
11/29/2021,68.03,69.5,52.07,54.94,54.94,3.0743e+07,-0.201337,-0.201337,0.0944964,-0.0944964, 0.0944964,-0.117991,-0.0944964, 2.28785,14.3, 0, 14.3441, 65.4592, 134.914, 0, 1970.25,0,551.28, 0, 413.886, -137.394, -1345.98, 117.991, 73871, -77.2545
12/06/2021,53.68,62.46,52.09,59.13,59.13,2.31108e+07,0.0762651,0.0762651,0.0999053,-0.0999053, 0.0999053,0,0.0762651, 2.13844,14.3, 0, -4.86787, 56.9965, 130.046, 0, 2266.54,-21.493,529.787, 0, 392.393, -137.394, -1419.48, 0, 78344.5, -5589.28
12/13/2021,57.965,58.39,47.39,49.95,49.95,4.10638e+07,-0.155251,-0.155251,0.101084,-0.101084, 0.101084,-0.0602579,-0.101084, 2.10781,14.3, 0, 11.4464, 56.0618, 141.492, 0, 1643.97,0,529.787, 0, 452.651, -77.1361, -1250.76, 60.2579, 69453, 6977.43
12/20/2021,47.77,49.48,43.21,45.91,45.91,3.18891e+07,-0.0808809,-0.0808809,0.103531,-0.103531, 0.103531,0,-0.0808809, 2.04633,14.3, 0, 6.09429, 47.8874, 147.586, 0, 1370.67,0,529.787, 0, 427.385, -102.402, -1166.42, -25.266, 65670.9, 12120.4
12/27/2021,45.47,48.87,41.763,46.4,46.4,2.44851e+07,0.0106731,0.0106731,0.103395,-0.103395, 0.103395,0,0.0106731, 2.04967,14.3, 0, -0.781353, 46.1544, 146.805, 0, 1424.89,0,529.787, 0, 427.385, -102.402, -1177.04, 0, 66407.6, 11792.9
01/03/2022,46.01,46.35,36.124,38.44,38.44,4.00515e+07,-0.171552,-0.171552,0.103327,-0.103327, 0.103327,-0.0760865,-0.103327, 2.05135,14.3, 0, 14.4853, 43.9375, 161.29, 0, 806.135,0,529.787, 0, 503.471, -26.3157, -988.839, 76.0865, 58684.8, 20673.8
01/10/2022,39.37,44.45,37.03,38.69,38.69,3.41512e+07,0.00650364,0.00650364,0.106419,-0.106419, 0.106419,0,0.00650364, 1.97716,14.3, 0, -0.521943, 38.5648, 160.768, 0, 843.846,-90.305,439.482, 0, 413.166, -26.3157, -995.322, 0, 59153.1, 20644.2
01/17/2022,37.12,41.74,35.72,36.08,36.08,2.34344e+07,-0.0674592,-0.0674592,0.105237,-0.105237, 0.105237,0,-0.0674592, 2.00504,14.3, 0, 5.7134, 37.3622, 166.482, 0, 647.304,0,439.482, 0, 413.166, -26.3157, -925.479, 0, 56750.6, 23359.3
01/24/2022,34.98,35.83,28.32,30.54,30.54,3.1723e+07,-0.153548,-0.153548,0.10426,-0.10426, 0.10426,-0.0550248,-0.10426, 2.02854,14.3, 0, 14.4711, 34.1474, 180.953, 0, 169.034,0,439.482, 0, 468.191, 28.7091, -758.778, 55.0248, 51397.4, 28224.3
01/31/2022,31.75,36.34,31.25,33.51,33.51,1.97547e+07,0.0972494,0.0972494,0.106483,-0.106483, 0.106483,0,0.0972494, 1.97568,14.3, 0, -8.20496, 31.9906, 172.748, 0, 447.548,-8.34456,431.137, 0, 459.846, 28.7091, -851.584, 0, 54547.7, 26011.1
02/07/2022,32.84,38.45,31.93,35.14,35.14,2.286e+07,0.0486422,0.0486422,0.108479,-0.108479, 0.108479,0,0.0486422, 1.92994,14.3, 0, -4.05411, 34.3153, 168.694, 0, 603.9,-53.9808,377.156, 0, 405.865, 28.7091, -899.081, 0, 56379.4, 24785.7
02/14/2022,34.454,39.1,32.39,34.28,34.28,2.10883e+07,-0.0244735,-0.0244735,0.109056,-0.109056, 0.109056,0,-0.0244735, 1.91701,14.3, 0, 2.10295, 34.7073, 170.797, 0, 548.429,-120.4,256.757, 0, 285.466, 28.7091, -874.303, 0, 55725.9, 25754.8
02/21/2022,31.5,32.6,28.01,31.46,31.46,1.99036e+07,-0.0822637,-0.0822637,0.107558,-0.107558, 0.107558,0,-0.0822637, 1.95084,14.3, 0, 7.49065, 32.8397, 178.287, 0, 319.012,0,256.757, 0, 257.123, 0.366256, -788.457, -28.3429, 53096.7, 28291.8
02/28/2022,30.63,33.47,25.15,25.46,25.46,4.01694e+07,-0.190718,-0.190718,0.107168,-0.107168, 0.107168,-0.0935787,-0.107168, 1.95978,14.3, 0, 19.8976, 29.7265, 198.185, 0, -256.82,0,256.757, 0, 350.702, 93.945, -576.849, 93.5787, 47270.4, 32583.8
03/07/2022,24.52,25.98,18.88,19.02,19.02,5.82059e+07,-0.252946,-0.252946,0.110884,-0.110884, 0.110884,-0.159778,-0.110884, 1.87691,14.3, 0, 31.1101, 24.007, 229.295, 0, -988.618,0,256.757, 0, 510.48, 253.723, -285.232, 159.778, 40988.4, 35563.3
03/14/2022,17.01,30.82,14.93,27.55,27.55,1.2316e+08,0.448475,0.332653,0.118016,-0.118016, 0.118016,0.295577,0.118016, 1.73193,14.3, 0, -38.7757, 20.111, 190.519, 0, -193.184,295.577,552.333, 0, 163.765, -388.568, -655.743, -642.292, 49629.2, 31563.5
03/21/2022,25.41,35,23.81,27.53,27.53,1.11647e+08,-0.00072588,-0.00072588,0.135222,-0.135222, 0.135222,0,-0.00072588, 1.44431,14.3, 0, 0.0691848, 27.54, 190.589, 0, -171.1,-119.754,432.579, 0, -111.515, -544.094, -655.017, -155.526, 49861, 31828.4
03/28/2022,28.67,31.59,25.41,27.62,27.62,6.27081e+07,0.00326916,0.00326916,0.132114,-0.132114, 0.132114,0,0.00326916, 1.49068,14.3, 0, -0.310771, 27.575, 190.278, 0, -139.617,-113.809,318.77, 0, -225.324, -544.094, -658.281, 0, 50191.7, 32010
04/04/2022,30.285,33.78,25.66,25.71,25.71,7.04367e+07,-0.0691529,-0.0691529,0.128409,-0.128409, 0.128409,0,-0.0691529, 1.54895,14.3, 0, 6.94128, 26.6479, 197.219, 0, -303.308,-175.08,143.69, 0, -400.404, -544.094, -586.62, 0, 48501.8, 33419.8
04/11/2022,28.225,29.18,24.57,24.94,24.94,6.86617e+07,-0.0299494,-0.0299494,0.128588,-0.128588, 0.128588,0,-0.0299494, 1.54606,14.3, 0, 3.02133, 25.3221, 200.24, 0, -359.013,-140.474,3.21625, 0, -540.878, -544.094, -556.213, 0, 47941.2, 34069.2
04/18/2022,24.14,24.425,20.731,21.08,21.08,4.9917e+07,-0.154771,-0.154771,0.127807,-0.127807, 0.127807,-0.030916,-0.127807, 1.55874,14.3, 0, 17.563, 23.2918, 217.803, 0, -748.378,0,3.21625, 0, -509.962, -513.178, -388.065, 30.916, 44273, 36092.5
04/25/2022,20.03,26.28,19.53,24.34,24.34,5.06293e+07,0.154649,0.154649,0.129774,-0.129774, 0.129774,0.0220178,0.129774, 1.52709,14.3, 0, -15.11, 22.4061, 202.693, 0, -389.893,22.0178,25.234, 0, -487.944, -513.178, -531.862, 0, 47720.9, 34775.4
05/02/2022,22.53,24.98,19.85,20.85,20.85,4.0258e+07,-0.143385,-0.143385,0.133875,-0.133875, 0.133875,-0.0109805,-0.133875, 1.46413,14.3, 0, 16.308, 22.6522, 219.001, 0, -737.98,0,25.234, 0, -476.964, -502.198, -377.094, 10.9805, 44436.3, 36573.8
05/09/2022,20.11,20.94,17.48,20.6,20.6,4.12713e+07,-0.0119904,-0.0119904,0.133554,-0.133554, 0.133554,0,-0.0119904, 1.46891,14.3, 0, 1.32488, 20.7246, 220.326, 0, -745.137,0,25.234, 0, -617.266, -642.5, -365.032, -140.302, 44371.1, 36851.4
05/16/2022,20.6,22.795,20.34,21.8,21.8,3.52494e+07,0.0582524,0.0582524,0.133556,-0.133556, 0.133556,0,0.0582524, 1.46889,14.3, 0, -6.14985, 21.1915, 214.176, 0, -594.285,0,25.234, 0, -617.266, -642.5, -421.65, 0, 45759.9, 36567.9
05/23/2022,21.56,21.61,18.35,21.25,21.25,3.56758e+07,-0.0252293,-0.0252293,0.12908,-0.12908, 0.12908,0,-0.0252293, 1.53814,14.3, 0, 2.75398, 21.5232, 216.93, 0, -634.235,0,25.234, 0, -736.509, -761.743, -396.097, -119.243, 45389.2, 36972.2
05/30/2022,23,25.34,22.11,24.17,24.17,3.31326e+07,0.137412,0.137412,0.128426,-0.128426, 0.128426,0.00796267,0.128426, 1.54867,14.3, 0, -13.5254, 22.5733, 203.405, 0, -309.33,7.96267,33.1967, 0, -728.546, -761.743, -524.853, 0, 48494.1, 35808.4
06/06/2022,25.74,30.35,24.73,26.1,26.1,7.61409e+07,0.0798511,0.0798511,0.131894,-0.131894, 0.131894,0,0.0798511, 1.49405,14.3, 0, -7.66495, 25.1165, 195.74, 0, -95.0178,-45.9788,-12.7821, 0, -774.525, -761.743, -601.676, 0, 50642.1, 34938.4
06/10/2022,26.96,27.2,25.36,26.1,26.1,1.30488e+07,0,0,0.129161,-0.129161, 0.129161,0,0, 1.53686,14.3, 0, 0, 26.1, 195.74, 0, -73.7109,0,-12.7821, 0, -774.525, -761.743, -601.676, 0, 50859.8, 35156.1
